sira,dere_adi,station_id,length_m
1,Serindere (FP3),FP3,3351.9
2,Serindere (FP3),FP3,3253.6
3,Kazandere (FP2),FP2,2887.4
4,Kirazdere (FP1),FP1,2863.9
5,Kirazdere (FP1),FP1,2829.4
6,Baraj Yerel Havzasi (RG6),RG6,2746.5
7,Serindere (FP3),FP3,2651.4
8,Serindere (FP3),FP3,2494.8
9,Serindere (FP3),FP3,2303.1
10,Kirazdere (FP1),FP1,2232.8
11,Kirazdere (FP1),FP1,2105.3
12,Serindere (FP3),FP3,2087.9
13,Kirazdere (FP1),FP1,2071.4
14,Kazandere (FP2),FP2,2043.1
15,Kirazdere (FP1),FP1,1981.7
16,Baraj Yerel Havzasi (RG6),RG6,1843.7
17,Baraj Yerel Havzasi (RG6),RG6,1798.2
18,Serindere (FP3),FP3,1794.8
19,Baraj Yerel Havzasi (RG6),RG6,1778.2
20,Serindere (FP3),FP3,1749.9
21,Kirazdere (FP1),FP1,1742.5
22,Serindere (FP3),FP3,1712.5
23,Serindere (FP3),FP3,1709.4
24,Kazandere (FP2),FP2,1700.2
25,Serindere (FP3),FP3,1685.1
26,Kirazdere (FP1),FP1,1670.5
27,Serindere (FP3),FP3,1615.4
28,Serindere (FP3),FP3,1558.8
29,Kirazdere (FP1),FP1,1552.0
30,Kirazdere (FP1),FP1,1552.0
31,Serindere (FP3),FP3,1548.5
32,Kirazdere (FP1),FP1,1542.3
33,Kirazdere (FP1),FP1,1535.4
34,Serindere (FP3),FP3,1502.3
35,Serindere (FP3),FP3,1491.4
36,Serindere (FP3),FP3,1486.5
37,Kirazdere (FP1),FP1,1483.7
38,Serindere (FP3),FP3,1453.4
39,Kirazdere (FP1),FP1,1449.7
40,Kirazdere (FP1),FP1,1435.4
41,Kirazdere (FP1),FP1,1434.8
42,Kirazdere (FP1),FP1,1412.5
43,Serindere (FP3),FP3,1391.1
44,Baraj Yerel Havzasi (RG6),RG6,1384.3
45,Kirazdere (FP1),FP1,1383.1
46,Kirazdere (FP1),FP1,1338.8
47,Serindere (FP3),FP3,1329.9
48,Serindere (FP3),FP3,1320.8
49,Kazandere (FP2),FP2,1313.4
50,Serindere (FP3),FP3,1292.5
51,Baraj Yerel Havzasi (RG6),RG6,1277.4
52,Kirazdere (FP1),FP1,1252.5
53,Baraj Yerel Havzasi (RG6),RG6,1250.5
54,Kazandere (FP2),FP2,1249.1
55,Kirazdere (FP1),FP1,1207.9
56,Kirazdere (FP1),FP1,1201.7
57,Kirazdere (FP1),FP1,1180.8
58,Serindere (FP3),FP3,1167.1
59,Serindere (FP3),FP3,1164.3
60,Serindere (FP3),FP3,1149.9
61,Kirazdere (FP1),FP1,1135.4
62,Kazandere (FP2),FP2,1125.7
63,Kirazdere (FP1),FP1,1121.7
64,Baraj Yerel Havzasi (RG6),RG6,1119.4
65,Kirazdere (FP1),FP1,1118.8
66,Serindere (FP3),FP3,1114.0
67,Serindere (FP3),FP3,1112.0
68,Serindere (FP3),FP3,1107.7
69,Baraj Yerel Havzasi (RG6),RG6,1097.4
70,Kazandere (FP2),FP2,1090.5
71,Serindere (FP3),FP3,1087.1
72,Baraj Yerel Havzasi (RG6),RG6,1072.0
73,Kirazdere (FP1),FP1,1060.2
74,Kirazdere (FP1),FP1,1056.0
75,Serindere (FP3),FP3,1050.5
76,Kirazdere (FP1),FP1,1040.8
77,Serindere (FP3),FP3,1039.4
78,Serindere (FP3),FP3,1038.8
79,Kirazdere (FP1),FP1,1038.0
80,Kirazdere (FP1),FP1,1036.8
81,Serindere (FP3),FP3,1029.1
82,Serindere (FP3),FP3,1021.4
83,Serindere (FP3),FP3,1019.4
84,Serindere (FP3),FP3,1015.4
85,Kirazdere (FP1),FP1,1014.6
86,Kirazdere (FP1),FP1,1006.3
87,Serindere (FP3),FP3,1005.7
88,Serindere (FP3),FP3,1000.2
89,Serindere (FP3),FP3,998.8
90,Kazandere (FP2),FP2,990.5
91,Kirazdere (FP1),FP1,985.1
92,Serindere (FP3),FP3,982.3
93,Baraj Yerel Havzasi (RG6),RG6,977.4
94,Kirazdere (FP1),FP1,976.8
95,Serindere (FP3),FP3,974.6
96,Serindere (FP3),FP3,972.0
97,Kirazdere (FP1),FP1,965.7
98,Kirazdere (FP1),FP1,934.0
99,Kirazdere (FP1),FP1,934.0
100,Kirazdere (FP1),FP1,905.7
101,Serindere (FP3),FP3,897.4
102,Kirazdere (FP1),FP1,896.8
103,Serindere (FP3),FP3,896.0
104,Kazandere (FP2),FP2,892.5
105,Serindere (FP3),FP3,880.2
106,Serindere (FP3),FP3,867.7
107,Kirazdere (FP1),FP1,862.8
108,Serindere (FP3),FP3,862.3
109,Kirazdere (FP1),FP1,854.0
110,Kirazdere (FP1),FP1,841.4
111,Kirazdere (FP1),FP1,838.0
112,Serindere (FP3),FP3,832.5
113,Baraj Yerel Havzasi (RG6),RG6,831.1
114,Serindere (FP3),FP3,830.5
115,Kirazdere (FP1),FP1,830.5
116,Serindere (FP3),FP3,822.8
117,Serindere (FP3),FP3,822.3
118,Serindere (FP3),FP3,820.2
119,Serindere (FP3),FP3,818.0
120,Serindere (FP3),FP3,812.5
121,Kirazdere (FP1),FP1,806.3
122,Baraj Yerel Havzasi (RG6),RG6,799.4
123,Serindere (FP3),FP3,796.0
124,Serindere (FP3),FP3,791.1
125,Serindere (FP3),FP3,782.3
126,Kazandere (FP2),FP2,780.8
127,Serindere (FP3),FP3,774.0
128,Serindere (FP3),FP3,759.4
129,Serindere (FP3),FP3,759.4
130,Serindere (FP3),FP3,756.0
131,Serindere (FP3),FP3,754.0
132,Serindere (FP3),FP3,752.5
133,Serindere (FP3),FP3,752.5
134,Serindere (FP3),FP3,749.7
135,Kirazdere (FP1),FP1,747.7
136,Kirazdere (FP1),FP1,745.7
137,Baraj Yerel Havzasi (RG6),RG6,740.8
138,Serindere (FP3),FP3,740.8
139,Kazandere (FP2),FP2,740.8
140,Kazandere (FP2),FP2,734.0
141,Kirazdere (FP1),FP1,729.7
142,Kirazdere (FP1),FP1,720.8
143,Baraj Yerel Havzasi (RG6),RG6,712.5
144,Serindere (FP3),FP3,711.1
145,Serindere (FP3),FP3,711.1
146,Serindere (FP3),FP3,707.7
147,Serindere (FP3),FP3,700.8
148,Serindere (FP3),FP3,696.0
149,Serindere (FP3),FP3,692.5
150,Kirazdere (FP1),FP1,689.1
151,Baraj Yerel Havzasi (RG6),RG6,681.4
152,Serindere (FP3),FP3,674.6
153,Serindere (FP3),FP3,671.1
154,Serindere (FP3),FP3,667.7
155,Kirazdere (FP1),FP1,667.7
156,Serindere (FP3),FP3,656.0
157,Serindere (FP3),FP3,656.0
158,Serindere (FP3),FP3,652.5
159,Baraj Yerel Havzasi (RG6),RG6,651.1
160,Serindere (FP3),FP3,649.7
161,Kirazdere (FP1),FP1,646.3
162,Baraj Yerel Havzasi (RG6),RG6,644.3
163,Kirazdere (FP1),FP1,642.8
164,Kirazdere (FP1),FP1,636.0
165,Kirazdere (FP1),FP1,633.1
166,Serindere (FP3),FP3,620.8
167,Serindere (FP3),FP3,619.4
168,Serindere (FP3),FP3,618.0
169,Baraj Yerel Havzasi (RG6),RG6,616.0
170,Serindere (FP3),FP3,613.1
171,Serindere (FP3),FP3,609.1
172,Serindere (FP3),FP3,606.3
173,Baraj Yerel Havzasi (RG6),RG6,604.3
174,Kazandere (FP2),FP2,596.0
175,Kirazdere (FP1),FP1,594.6
176,Serindere (FP3),FP3,594.6
177,Serindere (FP3),FP3,593.1
178,Kazandere (FP2),FP2,591.1
179,Serindere (FP3),FP3,591.1
180,Serindere (FP3),FP3,589.7
181,Kirazdere (FP1),FP1,585.7
182,Baraj Yerel Havzasi (RG6),RG6,579.4
183,Serindere (FP3),FP3,576.0
184,Serindere (FP3),FP3,569.7
185,Kirazdere (FP1),FP1,567.7
186,Serindere (FP3),FP3,566.3
187,Serindere (FP3),FP3,565.7
188,Serindere (FP3),FP3,564.3
189,Serindere (FP3),FP3,564.3
190,Serindere (FP3),FP3,559.4
191,Kazandere (FP2),FP2,554.6
192,Serindere (FP3),FP3,551.1
193,Serindere (FP3),FP3,549.1
194,Serindere (FP3),FP3,547.7
195,Kazandere (FP2),FP2,541.4
196,Serindere (FP3),FP3,538.0
197,Kirazdere (FP1),FP1,536.0
198,Serindere (FP3),FP3,533.1
199,Kirazdere (FP1),FP1,533.1
200,Kirazdere (FP1),FP1,531.1
201,Serindere (FP3),FP3,531.1
202,Serindere (FP3),FP3,524.3
203,Serindere (FP3),FP3,522.8
204,Kazandere (FP2),FP2,522.8
205,Baraj Yerel Havzasi (RG6),RG6,518.0
206,Serindere (FP3),FP3,516.6
207,Serindere (FP3),FP3,514.6
208,Baraj Yerel Havzasi (RG6),RG6,511.1
209,Baraj Yerel Havzasi (RG6),RG6,507.7
210,Baraj Yerel Havzasi (RG6),RG6,502.8
211,Serindere (FP3),FP3,501.4
212,Baraj Yerel Havzasi (RG6),RG6,501.4
213,Serindere (FP3),FP3,498.0
214,Kirazdere (FP1),FP1,496.6
215,Kirazdere (FP1),FP1,496.0
216,Serindere (FP3),FP3,494.6
217,Kirazdere (FP1),FP1,494.6
218,Serindere (FP3),FP3,493.1
219,Serindere (FP3),FP3,489.7
220,Serindere (FP3),FP3,487.7
221,Kirazdere (FP1),FP1,486.3
222,Kirazdere (FP1),FP1,481.4
223,Baraj Yerel Havzasi (RG6),RG6,473.1
224,Kirazdere (FP1),FP1,459.4
225,Kirazdere (FP1),FP1,456.0
226,Baraj Yerel Havzasi (RG6),RG6,454.6
227,Kazandere (FP2),FP2,454.6
228,Kirazdere (FP1),FP1,451.1
229,Kazandere (FP2),FP2,451.1
230,Baraj Yerel Havzasi (RG6),RG6,451.1
231,Kazandere (FP2),FP2,449.7
232,Serindere (FP3),FP3,431.1
233,Kazandere (FP2),FP2,418.0
234,Baraj Yerel Havzasi (RG6),RG6,418.0
235,Baraj Yerel Havzasi (RG6),RG6,416.6
236,Serindere (FP3),FP3,414.6
237,Kirazdere (FP1),FP1,414.6
238,Serindere (FP3),FP3,409.7
239,Kirazdere (FP1),FP1,406.3
240,Kirazdere (FP1),FP1,398.0
241,Serindere (FP3),FP3,398.0
242,Kirazdere (FP1),FP1,393.1
243,Serindere (FP3),FP3,387.7
244,Kazandere (FP2),FP2,386.3
245,Kirazdere (FP1),FP1,384.9
246,Kirazdere (FP1),FP1,382.8
247,Kazandere (FP2),FP2,369.7
248,Serindere (FP3),FP3,369.7
249,Kirazdere (FP1),FP1,367.7
250,Kirazdere (FP1),FP1,364.9
251,Serindere (FP3),FP3,362.8
252,Kazandere (FP2),FP2,358.0
253,Baraj Yerel Havzasi (RG6),RG6,349.7
254,Serindere (FP3),FP3,349.7
255,Serindere (FP3),FP3,346.3
256,Kazandere (FP2),FP2,342.8
257,Serindere (FP3),FP3,333.1
258,Serindere (FP3),FP3,321.4
259,Kazandere (FP2),FP2,318.0
260,Kirazdere (FP1),FP1,314.6
261,Baraj Yerel Havzasi (RG6),RG6,311.1
262,Baraj Yerel Havzasi (RG6),RG6,304.9
263,Serindere (FP3),FP3,298.0
264,Serindere (FP3),FP3,298.0
265,Kirazdere (FP1),FP1,294.6
266,Serindere (FP3),FP3,293.1
267,Kirazdere (FP1),FP1,288.3
268,Serindere (FP3),FP3,284.9
269,Kirazdere (FP1),FP1,281.4
270,Serindere (FP3),FP3,281.4
271,Serindere (FP3),FP3,278.0
272,Kazandere (FP2),FP2,276.6
273,Serindere (FP3),FP3,274.6
274,Kirazdere (FP1),FP1,274.6
275,Kazandere (FP2),FP2,261.4
276,Baraj Yerel Havzasi (RG6),RG6,256.6
277,Serindere (FP3),FP3,256.6
278,Serindere (FP3),FP3,254.6
279,Kirazdere (FP1),FP1,253.1
280,Kirazdere (FP1),FP1,241.4
281,Serindere (FP3),FP3,236.6
282,Kirazdere (FP1),FP1,229.7
283,Kirazdere (FP1),FP1,229.7
284,Kirazdere (FP1),FP1,226.3
285,Serindere (FP3),FP3,226.3
286,Kazandere (FP2),FP2,224.9
287,Baraj Yerel Havzasi (RG6),RG6,218.0
288,Kirazdere (FP1),FP1,213.1
289,Serindere (FP3),FP3,209.7
290,Baraj Yerel Havzasi (RG6),RG6,208.3
291,Baraj Yerel Havzasi (RG6),RG6,204.9
292,Serindere (FP3),FP3,204.9
293,Serindere (FP3),FP3,201.4
294,Serindere (FP3),FP3,189.7
295,Baraj Yerel Havzasi (RG6),RG6,188.3
296,Kirazdere (FP1),FP1,184.9
297,Kirazdere (FP1),FP1,180.0
298,Kirazdere (FP1),FP1,169.7
299,Serindere (FP3),FP3,164.9
300,Serindere (FP3),FP3,164.9
301,Serindere (FP3),FP3,153.1
302,Kirazdere (FP1),FP1,148.3
303,Serindere (FP3),FP3,141.4
304,Baraj Yerel Havzasi (RG6),RG6,140.0
305,Kazandere (FP2),FP2,136.6
306,Serindere (FP3),FP3,133.1
307,Serindere (FP3),FP3,128.3
308,Serindere (FP3),FP3,128.3
309,Kazandere (FP2),FP2,124.9
310,Kirazdere (FP1),FP1,124.9
311,Serindere (FP3),FP3,124.9
312,Kirazdere (FP1),FP1,120.0
313,Kirazdere (FP1),FP1,113.1
314,Serindere (FP3),FP3,113.1
315,Serindere (FP3),FP3,104.9
316,Serindere (FP3),FP3,104.9
317,Baraj Yerel Havzasi (RG6),RG6,104.9
318,Serindere (FP3),FP3,96.6
319,Kirazdere (FP1),FP1,96.6
320,Kirazdere (FP1),FP1,80.0
321,Serindere (FP3),FP3,80.0
322,Kirazdere (FP1),FP1,80.0
323,Serindere (FP3),FP3,76.6
324,Kirazdere (FP1),FP1,68.3
325,Serindere (FP3),FP3,60.0
326,Kirazdere (FP1),FP1,60.0
327,Serindere (FP3),FP3,56.6
328,Serindere (FP3),FP3,56.6
329,Serindere (FP3),FP3,48.3
330,Serindere (FP3),FP3,48.3
331,Kirazdere (FP1),FP1,48.3
332,Serindere (FP3),FP3,48.3
333,Kirazdere (FP1),FP1,40.0
334,Serindere (FP3),FP3,40.0
335,Baraj Yerel Havzasi (RG6),RG6,40.0
336,Serindere (FP3),FP3,40.0
337,Serindere (FP3),FP3,40.0
338,Serindere (FP3),FP3,40.0
339,Serindere (FP3),FP3,40.0
340,Baraj Yerel Havzasi (RG6),RG6,40.0
341,Serindere (FP3),FP3,40.0
342,Serindere (FP3),FP3,40.0
343,Kirazdere (FP1),FP1,28.3
344,Serindere (FP3),FP3,28.3
345,Kirazdere (FP1),FP1,20.0
346,Serindere (FP3),FP3,20.0
