column,missing_count,missing_pct
date,0,0.0
reservoir_level_m,0,0.0
useful_volume_mcm,0,0.0
fill_pct,0,0.0
outflow_treatment_m3,0,0.0
inflow_m3,0,0.0
outflow_spillway_m3,0,0.0
sapanca_transfer_m3,2171,33.02
precip_tepecik_mm,0,0.0
precip_aytepe_mm,0,0.0
precip_kartepe_mm,0,0.0
precip_cilekli_mm,0,0.0
precip_kazandere_mm,0,0.0
temp_tepecik_c,0,0.0
temp_aytepe_c,0,0.0
temp_kartepe_c,0,0.0
temp_cilekli_c,0,0.0
temp_kazandere_c,0,0.0
snow_tepecik_cm,0,0.0
snow_aytepe_cm,0,0.0
snow_kartepe_cm,0,0.0
snow_cilekli_cm,0,0.0
evaporation_m3,0,0.0
inflow_q_m3s,0,0.0
qa_flag,0,0.0
notes,0,0.0
