date,qa_flag,notes
2006-02-25,2,inflow_m3_statistical_outlier
2006-02-26,2,inflow_m3_statistical_outlier
2006-02-27,2,inflow_m3_statistical_outlier
2006-02-28,2,inflow_m3_statistical_outlier
2006-03-01,2,inflow_m3_statistical_outlier
2006-03-02,2,inflow_m3_statistical_outlier
2006-03-03,2,inflow_m3_statistical_outlier
2006-03-11,2,inflow_m3_statistical_outlier
2006-03-12,2,inflow_m3_statistical_outlier
2006-03-13,2,inflow_m3_statistical_outlier
2006-03-14,2,inflow_m3_statistical_outlier
2006-05-07,2,outflow_treatment_m3_statistical_outlier
2006-05-23,2,outflow_treatment_m3_statistical_outlier
2006-05-31,2,evaporation_m3_statistical_outlier
2006-06-02,2,evaporation_m3_statistical_outlier
2006-06-03,2,evaporation_m3_statistical_outlier
2006-06-04,2,evaporation_m3_statistical_outlier
2006-06-18,2,evaporation_m3_statistical_outlier
2006-06-19,2,evaporation_m3_statistical_outlier
2006-07-05,2,outflow_treatment_m3_statistical_outlier
2006-07-19,2,outflow_treatment_m3_statistical_outlier
2006-07-28,2,outflow_treatment_m3_statistical_outlier
2006-08-05,2,evaporation_m3_statistical_outlier
2006-08-06,2,evaporation_m3_statistical_outlier
2006-10-27,2,outflow_treatment_m3_statistical_outlier
2006-11-30,2,reservoir_level_m_statistical_outlier
2006-12-01,2,reservoir_level_m_statistical_outlier
2006-12-02,2,reservoir_level_m_statistical_outlier
2006-12-03,2,reservoir_level_m_statistical_outlier
2006-12-04,2,reservoir_level_m_statistical_outlier
2006-12-05,2,reservoir_level_m_statistical_outlier
2006-12-06,2,reservoir_level_m_statistical_outlier
2006-12-07,2,reservoir_level_m_statistical_outlier
2006-12-08,2,reservoir_level_m_statistical_outlier
2006-12-09,2,reservoir_level_m_statistical_outlier;outflow_treatment_m3_statistical_outlier
2006-12-10,2,reservoir_level_m_statistical_outlier;outflow_treatment_m3_statistical_outlier
2006-12-11,2,reservoir_level_m_statistical_outlier;outflow_treatment_m3_statistical_outlier
2006-12-12,2,reservoir_level_m_statistical_outlier;outflow_treatment_m3_statistical_outlier
2006-12-13,2,reservoir_level_m_statistical_outlier;outflow_treatment_m3_statistical_outlier
2006-12-14,2,reservoir_level_m_statistical_outlier;outflow_treatment_m3_statistical_outlier
2006-12-15,2,reservoir_level_m_statistical_outlier;outflow_treatment_m3_statistical_outlier
2006-12-16,2,reservoir_level_m_statistical_outlier;outflow_treatment_m3_statistical_outlier
2006-12-17,2,reservoir_level_m_statistical_outlier;outflow_treatment_m3_statistical_outlier
2006-12-18,2,reservoir_level_m_statistical_outlier;outflow_treatment_m3_statistical_outlier
2006-12-19,2,reservoir_level_m_statistical_outlier;outflow_treatment_m3_statistical_outlier
2006-12-20,2,reservoir_level_m_statistical_outlier;outflow_treatment_m3_statistical_outlier
2006-12-21,2,reservoir_level_m_statistical_outlier;outflow_treatment_m3_statistical_outlier
2006-12-22,2,reservoir_level_m_statistical_outlier;outflow_treatment_m3_statistical_outlier
2006-12-23,2,reservoir_level_m_statistical_outlier;outflow_treatment_m3_statistical_outlier
2006-12-24,2,reservoir_level_m_statistical_outlier;outflow_treatment_m3_statistical_outlier
2006-12-25,2,outflow_treatment_m3_statistical_outlier
2006-12-26,2,outflow_treatment_m3_statistical_outlier
2006-12-27,2,outflow_treatment_m3_statistical_outlier
2007-01-27,2,inflow_m3_statistical_outlier
2007-12-05,2,outflow_treatment_m3_statistical_outlier
2008-03-02,2,inflow_m3_statistical_outlier
2008-03-03,2,inflow_m3_statistical_outlier
2008-03-04,2,inflow_m3_statistical_outlier
2008-03-05,2,inflow_m3_statistical_outlier
2008-03-07,2,inflow_m3_statistical_outlier
2008-03-08,2,inflow_m3_statistical_outlier
2008-03-20,2,inflow_m3_statistical_outlier
2008-03-21,2,inflow_m3_statistical_outlier
2008-03-22,2,inflow_m3_statistical_outlier
2008-07-19,2,outflow_treatment_m3_statistical_outlier
2009-02-13,2,inflow_m3_statistical_outlier
2009-03-05,2,inflow_m3_statistical_outlier
2009-03-06,2,inflow_m3_statistical_outlier
2009-03-07,2,inflow_m3_statistical_outlier
2009-03-08,2,inflow_m3_statistical_outlier
2009-04-24,2,outflow_treatment_m3_statistical_outlier
2009-08-16,2,outflow_treatment_m3_statistical_outlier
2009-10-31,2,precip_kartepe_mm_out_of_range;inflow_m3_statistical_outlier;precip_kartepe_mm_imputed_linear
2009-11-01,2,inflow_m3_out_of_range;inflow_m3_statistical_outlier
2009-11-02,2,inflow_m3_statistical_outlier
2009-12-13,2,inflow_m3_statistical_outlier
2010-01-30,2,inflow_m3_statistical_outlier
2010-01-31,2,inflow_m3_statistical_outlier
2010-02-01,2,inflow_m3_statistical_outlier
2010-02-02,2,inflow_m3_statistical_outlier
2010-02-11,2,inflow_m3_statistical_outlier
2010-02-12,2,inflow_m3_statistical_outlier
2010-02-13,2,inflow_m3_statistical_outlier
2010-02-15,2,inflow_m3_statistical_outlier
2010-03-05,2,inflow_m3_statistical_outlier
2010-03-06,2,inflow_m3_statistical_outlier
2010-04-07,2,inflow_m3_statistical_outlier
2010-05-28,2,outflow_treatment_m3_statistical_outlier
2010-05-29,2,outflow_treatment_m3_statistical_outlier
2010-06-28,2,outflow_treatment_m3_statistical_outlier
2010-07-06,2,outflow_treatment_m3_statistical_outlier
2010-07-07,2,outflow_treatment_m3_statistical_outlier
2010-10-28,2,inflow_m3_out_of_range;inflow_m3_statistical_outlier
2010-10-29,2,inflow_m3_out_of_range;inflow_m3_statistical_outlier
2010-11-04,2,outflow_treatment_m3_statistical_outlier
2010-12-21,2,inflow_m3_statistical_outlier
2011-03-16,2,inflow_m3_statistical_outlier
2011-03-17,2,inflow_m3_statistical_outlier
2011-03-18,2,inflow_m3_statistical_outlier
2011-03-19,2,inflow_m3_statistical_outlier
2011-03-20,2,inflow_m3_statistical_outlier
2011-03-21,2,inflow_m3_statistical_outlier
2011-06-21,2,outflow_treatment_m3_statistical_outlier
2011-06-24,2,outflow_treatment_m3_statistical_outlier
2011-09-11,2,outflow_treatment_m3_statistical_outlier
2012-01-07,2,inflow_m3_statistical_outlier
2012-01-08,2,inflow_m3_statistical_outlier
2012-02-29,1,snow_kartepe_cm_out_of_range;snow_kartepe_cm_imputed_linear
2012-03-23,2,inflow_m3_statistical_outlier
2012-03-24,2,inflow_m3_statistical_outlier
2012-03-25,2,inflow_m3_statistical_outlier
2012-03-26,2,inflow_m3_statistical_outlier
2012-03-30,2,inflow_m3_statistical_outlier
2012-03-31,2,inflow_m3_statistical_outlier
2012-04-01,2,inflow_m3_statistical_outlier
2012-04-04,2,inflow_m3_statistical_outlier
2012-04-05,2,inflow_m3_statistical_outlier
2012-04-06,2,inflow_m3_statistical_outlier
2012-04-07,2,inflow_m3_statistical_outlier
2012-04-08,2,inflow_m3_statistical_outlier
2012-04-09,2,inflow_m3_statistical_outlier
2012-04-10,2,inflow_m3_statistical_outlier
2012-04-14,2,inflow_m3_statistical_outlier
2012-04-15,2,inflow_m3_statistical_outlier
2012-04-16,2,inflow_m3_statistical_outlier
2012-04-18,2,inflow_m3_statistical_outlier
2012-04-19,2,inflow_m3_statistical_outlier
2012-09-19,2,outflow_treatment_m3_statistical_outlier
2012-10-22,2,outflow_treatment_m3_statistical_outlier
2012-10-27,2,outflow_treatment_m3_statistical_outlier
2013-10-01,2,outflow_treatment_m3_statistical_outlier
2013-10-18,2,inflow_m3_statistical_outlier
2013-10-27,2,outflow_treatment_m3_statistical_outlier
2014-09-28,2,inflow_m3_out_of_range;inflow_m3_statistical_outlier
2014-10-31,2,inflow_m3_statistical_outlier
2014-11-01,2,inflow_m3_statistical_outlier
2014-11-26,2,inflow_m3_statistical_outlier
2014-11-27,2,inflow_m3_statistical_outlier
2014-11-30,2,inflow_m3_statistical_outlier
2015-01-12,2,inflow_m3_statistical_outlier
2015-01-23,2,inflow_m3_statistical_outlier
2015-01-24,2,inflow_m3_statistical_outlier
2015-01-28,2,inflow_m3_statistical_outlier
2015-01-31,2,inflow_m3_statistical_outlier
2015-02-01,2,inflow_m3_statistical_outlier
2015-02-02,2,inflow_m3_statistical_outlier
2015-02-03,2,inflow_m3_statistical_outlier
2015-02-04,2,inflow_m3_statistical_outlier
2015-02-24,2,inflow_m3_statistical_outlier
2015-02-25,2,inflow_m3_statistical_outlier
2015-02-26,2,inflow_m3_statistical_outlier
2015-02-27,2,inflow_m3_statistical_outlier
2015-02-28,2,inflow_m3_statistical_outlier
2015-03-01,2,inflow_m3_statistical_outlier
2015-03-03,2,inflow_m3_statistical_outlier
2015-03-27,2,inflow_m3_statistical_outlier
2015-03-28,2,inflow_m3_statistical_outlier
2015-03-29,2,inflow_m3_statistical_outlier
2015-03-30,2,inflow_m3_statistical_outlier
2015-04-07,2,inflow_m3_statistical_outlier
2015-04-09,2,inflow_m3_statistical_outlier
2015-04-10,2,inflow_m3_statistical_outlier
2015-04-13,2,inflow_m3_statistical_outlier
2015-04-14,2,inflow_m3_statistical_outlier
2015-04-15,2,inflow_m3_statistical_outlier
2015-04-16,2,inflow_m3_statistical_outlier
2015-04-17,2,inflow_m3_statistical_outlier
2015-04-18,2,inflow_m3_statistical_outlier
2015-09-29,2,precip_kartepe_mm_out_of_range;inflow_m3_statistical_outlier;precip_kartepe_mm_imputed_linear
2015-09-30,2,inflow_m3_out_of_range;precip_kartepe_mm_out_of_range;inflow_m3_statistical_outlier;precip_kartepe_mm_imputed_linear
2015-10-01,2,inflow_m3_statistical_outlier
2016-01-05,2,inflow_m3_statistical_outlier
2016-01-06,2,inflow_m3_statistical_outlier
2016-01-07,2,inflow_m3_statistical_outlier
2016-01-13,2,temp_kartepe_c_out_of_range;inflow_m3_statistical_outlier;temp_kartepe_c_imputed_linear
2016-02-05,2,inflow_m3_statistical_outlier
2016-02-11,2,inflow_m3_statistical_outlier
2016-02-12,2,inflow_m3_statistical_outlier
2016-02-13,2,inflow_m3_statistical_outlier
2016-02-14,2,inflow_m3_statistical_outlier
2016-02-15,2,inflow_m3_statistical_outlier
2016-08-13,1,precip_kartepe_mm_out_of_range;precip_kartepe_mm_imputed_linear
2017-02-06,2,inflow_m3_statistical_outlier
2017-02-07,2,inflow_m3_statistical_outlier
2018-11-29,2,inflow_m3_statistical_outlier
2018-11-30,2,inflow_m3_statistical_outlier
2018-12-06,2,inflow_m3_statistical_outlier
2018-12-19,2,inflow_m3_statistical_outlier
2019-06-03,2,evaporation_m3_statistical_outlier
2019-06-06,2,evaporation_m3_statistical_outlier
2019-06-07,2,evaporation_m3_statistical_outlier
2019-06-08,2,evaporation_m3_statistical_outlier
2019-06-09,2,evaporation_m3_statistical_outlier
2019-07-07,2,evaporation_m3_statistical_outlier
2019-07-08,2,evaporation_m3_statistical_outlier
2019-07-09,2,evaporation_m3_statistical_outlier
2019-09-21,1,temp_cilekli_c_out_of_range;temp_cilekli_c_imputed_climatology
2019-09-22,1,temp_cilekli_c_out_of_range;temp_cilekli_c_imputed_climatology
2019-09-23,1,temp_cilekli_c_out_of_range;temp_cilekli_c_imputed_climatology
2019-09-24,1,temp_cilekli_c_out_of_range;temp_cilekli_c_imputed_climatology
2019-09-25,1,temp_cilekli_c_out_of_range;temp_cilekli_c_imputed_climatology
2019-09-26,1,temp_cilekli_c_out_of_range;temp_cilekli_c_imputed_climatology
2019-09-27,1,temp_cilekli_c_out_of_range;temp_cilekli_c_imputed_climatology
2019-09-28,1,temp_cilekli_c_out_of_range;temp_cilekli_c_imputed_climatology
2019-09-29,1,temp_cilekli_c_out_of_range;temp_cilekli_c_imputed_climatology
2019-09-30,1,temp_cilekli_c_out_of_range;temp_cilekli_c_imputed_climatology
2019-10-01,1,temp_cilekli_c_out_of_range;temp_cilekli_c_imputed_climatology
2019-10-02,1,temp_cilekli_c_out_of_range;temp_cilekli_c_imputed_climatology
2019-10-03,1,temp_cilekli_c_out_of_range;temp_cilekli_c_imputed_climatology
2019-10-04,1,temp_cilekli_c_out_of_range;temp_cilekli_c_imputed_climatology
2019-10-05,1,temp_cilekli_c_out_of_range;temp_cilekli_c_imputed_climatology
2019-10-06,1,temp_cilekli_c_out_of_range;temp_cilekli_c_imputed_climatology
2019-10-07,1,temp_cilekli_c_out_of_range;temp_cilekli_c_imputed_climatology
2019-10-08,1,temp_cilekli_c_out_of_range;temp_cilekli_c_imputed_climatology
2019-10-09,1,temp_cilekli_c_out_of_range;temp_cilekli_c_imputed_climatology
2019-10-10,1,temp_cilekli_c_out_of_range;temp_cilekli_c_imputed_climatology
2019-10-11,1,temp_cilekli_c_out_of_range;temp_cilekli_c_imputed_climatology
2019-12-31,2,inflow_m3_statistical_outlier
2020-01-07,2,inflow_m3_statistical_outlier
2020-01-08,2,inflow_m3_statistical_outlier
2020-02-05,2,inflow_m3_statistical_outlier
2020-02-06,2,inflow_m3_statistical_outlier
2020-12-29,2,outflow_treatment_m3_statistical_outlier
2021-03-23,2,inflow_m3_statistical_outlier
2021-04-05,2,inflow_m3_statistical_outlier
2021-04-06,2,inflow_m3_statistical_outlier
2021-04-07,2,inflow_m3_statistical_outlier
2021-04-08,2,inflow_m3_statistical_outlier
2021-12-15,2,inflow_m3_statistical_outlier
2022-02-08,2,inflow_m3_statistical_outlier
2022-02-24,2,inflow_m3_statistical_outlier
2022-02-25,2,inflow_m3_statistical_outlier
2022-03-30,2,inflow_m3_statistical_outlier
2022-03-31,2,inflow_m3_statistical_outlier
2022-04-01,2,inflow_m3_statistical_outlier
2022-04-02,2,inflow_m3_statistical_outlier
2022-04-03,2,inflow_m3_statistical_outlier
2022-04-04,2,inflow_m3_statistical_outlier
2022-04-07,2,inflow_m3_statistical_outlier
2022-04-08,2,inflow_m3_statistical_outlier
2022-04-09,2,inflow_m3_statistical_outlier;evaporation_m3_statistical_outlier
2022-04-10,2,inflow_m3_statistical_outlier
2022-04-11,2,inflow_m3_statistical_outlier
2022-10-16,1,precip_kartepe_mm_out_of_range;precip_kartepe_mm_imputed_linear
2023-02-27,2,inflow_m3_statistical_outlier
2023-03-01,2,inflow_m3_statistical_outlier
2023-03-17,2,inflow_m3_statistical_outlier
2023-03-18,2,inflow_m3_statistical_outlier
2023-03-19,2,inflow_m3_statistical_outlier
2023-03-20,2,inflow_m3_statistical_outlier
2023-04-27,2,inflow_m3_statistical_outlier
2023-07-09,2,inflow_m3_statistical_outlier
2023-08-05,2,outflow_treatment_m3_statistical_outlier
2023-08-06,2,outflow_treatment_m3_statistical_outlier
2023-08-07,2,outflow_treatment_m3_statistical_outlier
2023-12-09,2,inflow_m3_out_of_range;inflow_m3_statistical_outlier
2023-12-10,2,inflow_m3_statistical_outlier
