station_id,name,type,lat_wgs84,lon_wgs84,elevation_kot_m,x_utm35n,y_utm35n,elevation_m,elevation_diff_m,source
RG6,Dolusavak,Meteoroloji,40.674277777777775,29.97202777777777,178.0,751195.6740506134,4506848.076502549,176.78024,-1.2,isas_table_dms
RG7,Tepecik,Yagis/Sicaklik,40.62725,29.99038888888889,700.0,752925.4565687777,4501679.459934541,673.0793,-26.9,isas_table_dms
RG8,Aytepe,Yagis/Sicaklik,40.60066666666667,29.935666666666663,953.0,748394.9787018095,4498572.045295286,928.2538,-24.7,isas_table_dms
RG9,Kartepe,Yagis/Sicaklik,40.65583333333333,30.09555555555556,1340.0,761709.9173474876,4505160.931602784,1292.8986,-47.1,isas_table_dms
RG10,Cilekli,Yagis/Sicaklik,40.541694444444445,30.044083333333337,805.0,757796.1861686539,4492336.478382562,793.553,-11.4,isas_table_dms
RG11,Kazandere,Yagis/Sicaklik,40.62005555555556,29.95233333333333,732.0,749733.119936258,4500771.895098004,686.2426,-45.8,isas_table_dms
RG12,Haci Osman,Yagis/Sicaklik,40.55027777777777,29.81888888888889,865.0,738691.9966827726,4492654.528107817,890.587,25.6,isas_table_dms
FP1,Kirazdere,Akis/Debi,40.64252777777778,29.94411111111112,185.0,748953.9627648022,4503243.547427322,220.92639,35.9,isas_table_dms
FP2,Kazandere,Akis/Debi,40.63961111111111,29.960527777777777,180.0,750353.2520690557,4502966.362061101,206.24658,26.2,isas_table_dms
FP3,Serindere,Akis/Debi,40.64680555555555,30.016972222222225,284.0,755099.6524039021,4503927.467963016,295.3446,11.3,isas_table_dms
